<?xml version="1.0" encoding="UTF-8"?>
<beans xmlns="http://www.springframework.org/schema/beans"
	xmlns:xsi="http://www.w3.org/2001/XMLSchema-instance" xmlns:p="http://www.springframework.org/schema/p"
	xmlns:tx="http://www.springframework.org/schema/tx" xmlns:context="http://www.springframework.org/schema/context"
	xsi:schemaLocation="http://www.springframework.org/schema/beans 
		http://www.springframework.org/schema/beans/spring-beans-3.0.xsd
		http://www.springframework.org/schema/context http://www.springframework.org/schema/context/spring-context-3.0.xsd 
		http://www.springframework.org/schema/tx http://www.springframework.org/schema/tx/spring-tx-3.0.xsd">

	<!--dataSource config -->
	<bean id="abstractDataSource" abstract="true"
		class="com.mchange.v2.c3p0.ComboPooledDataSource" destroy-method="close">
		<property name="driverClass" value="${jdbc.driver}" />
		<property name="minPoolSize" value="${jdbc.minPoolSize}" />
		<property name="maxPoolSize" value="${jdbc.maxPoolSize}" />
		<property name="initialPoolSize" value="${jdbc.initialPoolSize}" />
		<property name="maxIdleTime" value="${jdbc.maxIdleTime}" />
		<property name="acquireIncrement" value="${jdbc.acquireIncrement}" />
		<property name="checkoutTimeout" value="${jdbc.acquireCheckoutTimeout}" />
		<property name="idleConnectionTestPeriod" value="${jdbc.idleConnectionTestPeriod}" />
	</bean>

	<bean id="dataSource" parent="abstractDataSource">
		<property name="jdbcUrl" value="${jdbc.url}" />
		<property name="user" value="${jdbc.username}" />
		<property name="password" value="${jdbc.password}" />
	</bean>
</beans>