<?xml version="1.0" encoding="UTF-8" ?>
<!DOCTYPE mapper PUBLIC "-//mybatis.org//DTD Mapper 3.0//EN" "http://mybatis.org/dtd/mybatis-3-mapper.dtd" >
<mapper namespace="com.dinner.common.dao.auto.DcEmployeeDAO">
	<resultMap id="BaseResultMap" type="com.dinner.common.entity.DcEmployee">
		<id column="id" property="id" jdbcType="INTEGER" />
		<result column="restId" property="restId" jdbcType="INTEGER" />
		<result column="name" property="name" jdbcType="VARCHAR" />
		<result column="employeeType" property="employeeType" jdbcType="VARCHAR" />
		<result column="age" property="age" jdbcType="INTEGER" />
		<result column="link" property="link" jdbcType="VARCHAR" />
		<result column="sex" property="sex" jdbcType="VARCHAR" />
		<result column="cardNum" property="cardNum" jdbcType="VARCHAR" />
		<result column="address" property="address" jdbcType="VARCHAR" />
		<result column="tel" property="tel" jdbcType="VARCHAR" />
		<result column="workAge" property="workAge" jdbcType="INTEGER" />
	</resultMap>
	
	<sql id="Example_Where_Clause">
		<where>
			<foreach collection="oredCriteria" item="criteria" separator="or">
				<if test="criteria.valid">
					<trim prefix="(" suffix=")" prefixOverrides="and">
						<foreach collection="criteria.criteria" item="criterion">
							<choose>
								<when test="criterion.noValue">
									and ${criterion.condition}
								</when>
								<when test="criterion.singleValue">
									and ${criterion.condition} #{criterion.value}
								</when>
								<when test="criterion.betweenValue">
									and ${criterion.condition} #{criterion.value} and
									#{criterion.secondValue}
								</when>
								<when test="criterion.listValue">
									and ${criterion.condition}
									<foreach collection="criterion.value" item="listItem"
										open="(" close=")" separator=",">
										#{listItem}
									</foreach>
								</when>
							</choose>
						</foreach>
					</trim>
				</if>
			</foreach>
		</where>
	</sql>
	
	<sql id="Update_By_Example_Where_Clause">
		<where>
			<foreach collection="example.oredCriteria" item="criteria"
				separator="or">
				<if test="criteria.valid">
					<trim prefix="(" suffix=")" prefixOverrides="and">
						<foreach collection="criteria.criteria" item="criterion">
							<choose>
								<when test="criterion.noValue">
									and ${criterion.condition}
								</when>
								<when test="criterion.singleValue">
									and ${criterion.condition} #{criterion.value}
								</when>
								<when test="criterion.betweenValue">
									and ${criterion.condition} #{criterion.value} and
									#{criterion.secondValue}
								</when>
								<when test="criterion.listValue">
									and ${criterion.condition}
									<foreach collection="criterion.value" item="listItem"
										open="(" close=")" separator=",">
										#{listItem}
									</foreach>
								</when>
							</choose>
						</foreach>
					</trim>
				</if>
			</foreach>
		</where>
	</sql>
	
	<select id="selectByExample" resultMap="BaseResultMap" parameterType="com.dinner.common.entity.DcRestExample">
		select * from dc_employee
		<if test="_parameter != null">
			<include refid="Example_Where_Clause" />
		</if>
		<if test="orderByClause != null">
			order by ${orderByClause}
		</if>
		<if test="offset != null and limit != null">
			limit ${offset}, ${limit}
		</if>
	</select>
	
	<select id="queryAllEmployeeList" resultMap="BaseResultMap" parameterType="java.lang.Integer">
		select * from dc_employee where restId =  #{restId,jdbcType=INTEGER}
	</select>
	
	<select id="selectByPrimaryKey" resultMap="BaseResultMap" parameterType="java.lang.Integer">
		select * from dc_employee where id = #{id,jdbcType=INTEGER}
	</select>
	<delete id="deleteByPrimaryKey" parameterType="java.lang.Integer">
		delete from dc_employee where id = #{id,jdbcType=INTEGER}
	</delete>
	
	<insert id="insert" parameterType="com.dinner.common.entity.DcEmployee">
		<selectKey resultType="java.lang.Integer" keyProperty="id"
			order="AFTER">
			SELECT LAST_INSERT_ID()
		</selectKey>
		
		insert into dc_employee (restId,name, employeeType, age,
		link, sex, cardNum,
		address, tel, workAge,manager_zone)
		values (#{restId,jdbcType=INTEGER},#{name,jdbcType=VARCHAR}, #{employeeType,jdbcType=VARCHAR},
		#{age,jdbcType=INTEGER},
		#{link,jdbcType=VARCHAR}, #{sex,jdbcType=VARCHAR}, #{cardNum,jdbcType=VARCHAR},
		#{address,jdbcType=VARCHAR}, #{tel,jdbcType=VARCHAR},
		#{workAge,jdbcType=INTEGER}, #{manager_zone,jdbcType=VARCHAR})
	</insert>
	<select id="countByExample" parameterType="com.dinner.common.entity.DcRestExample" resultType="java.lang.Integer">
		select count(*) from dc_employee
		<if test="_parameter != null">
			<include refid="Example_Where_Clause" />
		</if>
	</select>
	
	<update id="updateByPrimaryKey" parameterType="com.dinner.common.entity.DcEmployee">
		update dc_employee
		set name = #{name,jdbcType=VARCHAR},
		restId = #{restId,jdbcType=INTEGER},
		employeeType = #{employeeType,jdbcType=VARCHAR},
		age = #{age,jdbcType=INTEGER},
		link = #{link,jdbcType=VARCHAR},
		sex = #{sex,jdbcType=VARCHAR},
		cardNum = #{cardNum,jdbcType=VARCHAR},
		address = #{address,jdbcType=VARCHAR},
		tel = #{tel,jdbcType=VARCHAR},
		workAge = #{workAge,jdbcType=INTEGER},
		manager_zone = #{manager_zone,jdbcType=VARCHAR}
		
		where id = #{id,jdbcType=INTEGER}
	</update>
	
		
	<update id="update" parameterType="java.util.Map">
		update dc_employee set x_coordinate =#{x_coordinate,jdbcType=VARCHAR} ,y_coordinate= #{y_coordinate,jdbcType=VARCHAR} where id = #{id,jdbcType=INTEGER}
	</update>
</mapper>