<?xml version="1.0" encoding="UTF-8" ?>
<!DOCTYPE mapper PUBLIC "-//mybatis.org//DTD Mapper 3.0//EN" "http://mybatis.org/dtd/mybatis-3-mapper.dtd" >
<mapper namespace="com.dinner.common.dao.auto.DcMatePriceDAO" >
  <sql id="Example_Where_Clause" >
    <where >
      <foreach collection="oredCriteria" item="criteria" separator="or" >
        <if test="criteria.valid" >
          <trim prefix="(" suffix=")" prefixOverrides="and" >
            <foreach collection="criteria.criteria" item="criterion" >
              <choose >
                <when test="criterion.noValue" >
                  and ${criterion.condition}
                </when>
                <when test="criterion.singleValue" >
                  and ${criterion.condition} #{criterion.value}
                </when>
                <when test="criterion.betweenValue" >
                  and ${criterion.condition} #{criterion.value} and #{criterion.secondValue}
                </when>
                <when test="criterion.listValue" >
                  and ${criterion.condition}
                  <foreach collection="criterion.value" item="listItem" open="(" close=")" separator="," >
                    #{listItem}
                  </foreach>
                </when>
              </choose>
            </foreach>
          </trim>
        </if>
      </foreach>
    </where>
  </sql>
  
  <select id="selectByExample" resultType="java.util.Map" parameterType="com.dinner.common.entity.DcMatePriceExample" >
    select *  from dc_mate_price dmp
    left join sys_param sp on dmp.mateId = sp.codeKey and sp.name ='009'
    <if test="_parameter != null" >
      <include refid="Example_Where_Clause" />
    </if>
    <if test="orderByClause != null" >
      order by ${orderByClause}
    </if>
    <if test="offset != null and limit != null" >
      limit ${offset}, ${limit}
    </if>
  </select>
  
  <select id="countByExample" parameterType="com.dinner.common.entity.DcMatePriceExample" resultType="java.lang.Integer" >
    select count(*) from dc_mate_price dmp
    left join sys_param sp on dmp.mateId = sp.codeKey and sp.name ='009'
    <if test="_parameter != null" >
      <include refid="Example_Where_Clause" />
    </if>
  </select>
  
  <select id="selectByPrimaryKey" resultType="com.dinner.common.entity.DcMatePrice" parameterType="java.lang.Integer" >
    select  * from dc_mate_price where id = #{id,jdbcType=INTEGER}
  </select>
  
  <delete id="deleteByPrimaryKey" parameterType="java.lang.Integer" >
    delete from dc_mate_price where id = #{id,jdbcType=INTEGER}
  </delete>

  <insert id="insert" parameterType="com.dinner.common.entity.DcMatePrice" >
    <selectKey resultType="java.lang.Integer" keyProperty="id" order="AFTER" >
      SELECT LAST_INSERT_ID()
    </selectKey>
    insert into dc_mate_price ( mateId, price)
    values ( #{mateId,jdbcType=VARCHAR}, #{price,jdbcType=DECIMAL})
  </insert>
 
  <update id="updateByPrimaryKey" parameterType="com.dinner.common.entity.DcMatePrice" >
    update dc_mate_price
    set mateId = #{mateId,jdbcType=VARCHAR},
      price = #{price,jdbcType=DECIMAL}
    where id = #{id,jdbcType=INTEGER}
  </update>
  
  <select id="checkMateId" parameterType="com.dinner.common.entity.DcMatePriceExample" resultType="java.lang.Integer" >
    select count(*) from dc_mate_price
    <if test="_parameter != null" >
      <include refid="Example_Where_Clause" />
    </if>
  </select>
  
  
</mapper>