<?xml version="1.0" encoding="UTF-8" ?>
<!DOCTYPE mapper PUBLIC "-//mybatis.org//DTD Mapper 3.0//EN" "http://mybatis.org/dtd/mybatis-3-mapper.dtd" >
<mapper namespace="com.dinner.common.dao.auto.DcMateDAO" >
  <sql id="Example_Where_Clause" >
    <where >
      <foreach collection="oredCriteria" item="criteria" separator="or" >
        <if test="criteria.valid" >
          <trim prefix="(" suffix=")" prefixOverrides="and" >
            <foreach collection="criteria.criteria" item="criterion" >
              <choose >
                <when test="criterion.noValue" >
                  and ${criterion.condition}
                </when>
                <when test="criterion.singleValue" >
                  and ${criterion.condition} #{criterion.value}
                </when>
                <when test="criterion.betweenValue" >
                  and ${criterion.condition} #{criterion.value} and #{criterion.secondValue}
                </when>
                <when test="criterion.listValue" >
                  and ${criterion.condition}
                  <foreach collection="criterion.value" item="listItem" open="(" close=")" separator="," >
                    #{listItem}
                  </foreach>
                </when>
              </choose>
            </foreach>
          </trim>
        </if>
      </foreach>
    </where>
  </sql>
  
  <select id="selectByExample" resultType="com.dinner.common.entity.DcMate" parameterType="com.dinner.common.entity.DcMateExample" >
    select *  from dc_mate_manager dc 
    left join sys_param sp on dc.mateId = sp.codeKey  and name='009'
    <if test="_parameter != null" >
      <include refid="Example_Where_Clause" />
    </if>
    <if test="orderByClause != null" >
      order by ${orderByClause}
    </if>
    <if test="offset != null and limit != null" >
      limit ${offset}, ${limit}
    </if>
  </select>
  
  <select id="countByExample" parameterType="com.dinner.common.entity.DcMateExample" resultType="java.lang.Integer" >
    select count(*) from dc_mate_manager dc
     left join sys_param sp on dc.mateId = sp.codeKey  and name='009'
    <if test="_parameter != null" >
      <include refid="Example_Where_Clause" />
    </if>
  </select>
  
  <select id="selectByPrimaryKey" resultType="com.dinner.common.entity.DcMate" parameterType="java.lang.Integer" >
    select  * from dc_mate_manager where id = #{id,jdbcType=INTEGER}
  </select>
  
  <delete id="deleteByPrimaryKey" parameterType="java.lang.Integer" >
    delete from dc_mate_manager where id = #{id,jdbcType=INTEGER}
  </delete>

  <insert id="insert" parameterType="com.dinner.common.entity.DcMate" >
    <selectKey resultType="java.lang.Integer" keyProperty="id" order="AFTER" >
      SELECT LAST_INSERT_ID()
    </selectKey>
    insert into dc_mate_manager (restId, mateId, kucun,lastBuy, lastBuyDate, lastBuyMoney,useNum)
    values (#{restId,jdbcType=INTEGER}, #{mateId,jdbcType=VARCHAR}, #{kucun,jdbcType=INTEGER}, 
      #{lastBuy,jdbcType=INTEGER}, #{lastBuyDate,jdbcType=TIMESTAMP}, #{lastBuyMoney,jdbcType=DECIMAL},0)
  </insert>
 
  <update id="updateByPrimaryKey" parameterType="com.dinner.common.entity.DcMate" >
    update dc_mate_manager
    set restId = #{restId,jdbcType=INTEGER},
      mateId = #{mateId,jdbcType=VARCHAR},
      kucun = #{kucun,jdbcType=INTEGER},
      lastBuy = #{lastBuy,jdbcType=INTEGER},
      lastBuyDate = #{lastBuyDate,jdbcType=TIMESTAMP},
      lastBuyMoney = #{lastBuyMoney,jdbcType=DECIMAL},
      useNum = #{useNum,jdbcType=INTEGER}
    where id = #{id,jdbcType=INTEGER}
  </update>
  
</mapper>