<?xml version="1.0" encoding="UTF-8" ?>
<!DOCTYPE mapper PUBLIC "-//mybatis.org//DTD Mapper 3.0//EN" "http://mybatis.org/dtd/mybatis-3-mapper.dtd" >
<mapper namespace="com.dinner.common.dao.auto.DcMateMenuDAO" >
  
  <select id="selectByPrimaryKeyMenuId" resultType="com.dinner.common.entity.DcMateMenu" parameterType="java.lang.Integer" >
    select  * from dc_mate_menu where menuId = #{menuId,jdbcType=INTEGER}
  </select>
  
  <delete id="deleteByMenuId" parameterType="java.lang.Integer" >
    delete from dc_mate_menu where menuId = #{id,jdbcType=INTEGER}
  </delete>

  <insert id="insert" parameterType="com.dinner.common.entity.DcMateMenu" >
    <selectKey resultType="java.lang.Integer" keyProperty="id" order="AFTER" >
      SELECT LAST_INSERT_ID()
    </selectKey>
    insert into dc_mate_menu (restId, mateId, menuId,uses)
    values (#{restId,jdbcType=INTEGER}, #{mateId,jdbcType=VARCHAR}, #{menuId,jdbcType=INTEGER},#{uses,jdbcType=INTEGER})
  </insert>
  
</mapper>