<?xml version="1.0" encoding="UTF-8" ?>
<!DOCTYPE mapper PUBLIC "-//mybatis.org//DTD Mapper 3.0//EN" "http://mybatis.org/dtd/mybatis-3-mapper.dtd" >
<mapper namespace="com.dinner.common.dao.auto.DcMenuDAO" >
  <sql id="Example_Where_Clause" >
    <where >
      <foreach collection="oredCriteria" item="criteria" separator="or" >
        <if test="criteria.valid" >
          <trim prefix="(" suffix=")" prefixOverrides="and" >
            <foreach collection="criteria.criteria" item="criterion" >
              <choose >
                <when test="criterion.noValue" >
                  and ${criterion.condition}
                </when>
                <when test="criterion.singleValue" >
                  and ${criterion.condition} #{criterion.value}
                </when>
                <when test="criterion.betweenValue" >
                  and ${criterion.condition} #{criterion.value} and #{criterion.secondValue}
                </when>
                <when test="criterion.listValue" >
                  and ${criterion.condition}
                  <foreach collection="criterion.value" item="listItem" open="(" close=")" separator="," >
                    #{listItem}
                  </foreach>
                </when>
              </choose>
            </foreach>
          </trim>
        </if>
      </foreach>
    </where>
  </sql>
 
  <select id="selectByExample" resultType="java.util.Map" parameterType="com.dinner.common.entity.DcMenuExample" >
    select menu.*,rest.name as restName  from dc_menu_manager menu
    left join dc_rest rest on menu.restId = rest.id
    <if test="_parameter != null" >
      <include refid="Example_Where_Clause" />
    </if>
    <if test="orderByClause != null" >
      order by ${orderByClause}
    </if>
    <if test="offset != null and limit != null" >
      limit ${offset}, ${limit}
    </if>
  </select>
  
  <select id="selectByPrimaryKey" resultType="com.dinner.common.entity.DcMenu" parameterType="java.lang.Integer" >
    select  * from dc_menu_manager where id = #{id,jdbcType=INTEGER}
  </select>
  
  <delete id="deleteByPrimaryKey" parameterType="java.lang.Integer" >
    delete from dc_menu_manager where id = #{id,jdbcType=INTEGER}
  </delete>
  
  <insert id="insert" parameterType="com.dinner.common.entity.DcMenu" >
    <selectKey resultType="java.lang.Integer" keyProperty="id" order="AFTER" >
      SELECT LAST_INSERT_ID()
    </selectKey>
    insert into dc_menu_manager (restId, name, pic, 
      info, price, mebPrice, 
      sale, menuType, hot, 
      type, commend,code,status)
    values (#{restId,jdbcType=INTEGER}, #{name,jdbcType=VARCHAR}, #{pic,jdbcType=VARCHAR}, 
      #{info,jdbcType=VARCHAR}, #{price,jdbcType=DECIMAL}, #{mebPrice,jdbcType=DECIMAL}, 
      #{sale,jdbcType=INTEGER}, #{menuType,jdbcType=VARCHAR}, #{hot,jdbcType=VARCHAR}, 
      #{type,jdbcType=VARCHAR}, #{commend,jdbcType=VARCHAR}, #{code,jdbcType=VARCHAR}, #{status,jdbcType=INTEGER})
  </insert>
 
  <select id="countByExample" parameterType="com.dinner.common.entity.DcMenuExample" resultType="java.lang.Integer" >
    select count(*) from dc_menu_manager menu
    left join dc_rest rest on menu.restId = rest.id
    <if test="_parameter != null" >
      <include refid="Example_Where_Clause" />
    </if>
  </select>
  
  <update id="updateByPrimaryKey" parameterType="com.dinner.common.entity.DcMenu" >
    update dc_menu_manager
    set restId = #{restId,jdbcType=INTEGER},
      name = #{name,jdbcType=VARCHAR},
      pic = #{pic,jdbcType=VARCHAR},
      info = #{info,jdbcType=VARCHAR},
      price = #{price,jdbcType=DECIMAL},
      mebPrice = #{mebPrice,jdbcType=DECIMAL},
      sale = #{sale,jdbcType=INTEGER},
      menuType = #{menuType,jdbcType=VARCHAR},
      hot = #{hot,jdbcType=VARCHAR},
      type = #{type,jdbcType=VARCHAR},
      commend = #{commend,jdbcType=VARCHAR},
      code = #{code,jdbcType=VARCHAR},
      status = #{status,jdbcType=INTEGER}
    where id = #{id,jdbcType=INTEGER}
  </update>
</mapper>