<?xml version="1.0" encoding="UTF-8" ?>
<!DOCTYPE mapper PUBLIC "-//mybatis.org//DTD Mapper 3.0//EN" "http://mybatis.org/dtd/mybatis-3-mapper.dtd" >
<mapper namespace="com.dinner.common.dao.auto.DcNetBuyMateDAO" >
  <sql id="Example_Where_Clause" >
    <where >
      <foreach collection="oredCriteria" item="criteria" separator="or" >
        <if test="criteria.valid" >
          <trim prefix="(" suffix=")" prefixOverrides="and" >
            <foreach collection="criteria.criteria" item="criterion" >
              <choose >
                <when test="criterion.noValue" >
                  and ${criterion.condition}
                </when>
                <when test="criterion.singleValue" >
                  and ${criterion.condition} #{criterion.value}
                </when>
                <when test="criterion.betweenValue" >
                  and ${criterion.condition} #{criterion.value} and #{criterion.secondValue}
                </when>
                <when test="criterion.listValue" >
                  and ${criterion.condition}
                  <foreach collection="criterion.value" item="listItem" open="(" close=")" separator="," >
                    #{listItem}
                  </foreach>
                </when>
              </choose>
            </foreach>
          </trim>
        </if>
      </foreach>
    </where>
  </sql>
  
  <select id="selectByExample" resultType="java.util.Map" parameterType="com.dinner.common.entity.DcNetBuyMateExample" >
    select *  from dc_net_buy_mate dnbm
    left join dc_rest dr on dr.id = dnbm.restId 
    left join sys_param sp on dnbm.mateId = sp.codeKey and sp.name ='009'
    <if test="_parameter != null" >
      <include refid="Example_Where_Clause" />
    </if>
    <if test="orderByClause != null" >
      order by ${orderByClause}
    </if>
    <if test="offset != null and limit != null" >
      limit ${offset}, ${limit}
    </if>
  </select>
  
  <select id="countByExample" parameterType="com.dinner.common.entity.DcNetBuyMateExample" resultType="java.lang.Integer" >
    select count(*) from dc_net_buy_mate dnbm
      left join dc_rest dr on dr.id = dnbm.restId 
       left join sys_param sp on dnbm.mateId = sp.codeKey and sp.name ='009'
    <if test="_parameter != null" >
      <include refid="Example_Where_Clause" />
    </if>
  </select>
  
  <select id="selectByPrimaryKey" resultType="com.dinner.common.entity.DcNetBuyMate" parameterType="java.lang.Integer" >
    select  * from dc_net_buy_mate where id = #{id,jdbcType=INTEGER}
  </select>
  
  <delete id="deleteByPrimaryKey" parameterType="java.lang.Integer" >
    delete from dc_net_buy_mate where id = #{id,jdbcType=INTEGER}
  </delete>

  <insert id="insert" parameterType="com.dinner.common.entity.DcNetBuyMate" >
    <selectKey resultType="java.lang.Integer" keyProperty="id" order="AFTER" >
      SELECT LAST_INSERT_ID()
    </selectKey>
    insert into dc_net_buy_mate (restId, mateId, addNum,addMoney, addTime,status,price)
    values (#{restId,jdbcType=INTEGER}, #{mateId,jdbcType=VARCHAR}, #{addNum,jdbcType=INTEGER}, 
      #{addMoney,jdbcType=DECIMAL}, #{addTime,jdbcType=TIMESTAMP}, #{status,jdbcType=INTEGER}, #{price,jdbcType=DECIMAL})
  </insert>
 
  <update id="updateByPrimaryKey" parameterType="com.dinner.common.entity.DcNetBuyMate" >
    update dc_net_buy_mate
    <set >
      <if test="restId != null" >
        restId = #{restId,jdbcType=INTEGER},
      </if> 
      <if test="mateId != null" >
        mateId = #{mateId,jdbcType=VARCHAR},
      </if> 
      <if test="price != null" >
        price = #{price,jdbcType=DECIMAL},
      </if> 
      <if test="addNum != null" >
        addNum = #{addNum,jdbcType=INTEGER},
      </if> 
      <if test="addMoney != null" >
        addMoney = #{addMoney,jdbcType=DECIMAL},
      </if>
      <if test="addTime != null" >
        addTime = #{addTime,jdbcType=TIMESTAMP},
      </if>
      <if test="dealTime != null" >
        dealTime = #{dealTime,jdbcType=TIMESTAMP},
      </if>
      <if test="submitTime != null" >
        submitTime = #{submitTime,jdbcType=TIMESTAMP},
      </if>
      <if test="status != null" >
        status = #{status,jdbcType=INTEGER},
      </if>
    </set>
    where id = #{id,jdbcType=INTEGER}
  </update>
  
  
  
</mapper>