<?xml version="1.0" encoding="UTF-8" ?>
<!DOCTYPE mapper PUBLIC "-//mybatis.org//DTD Mapper 3.0//EN" "http://mybatis.org/dtd/mybatis-3-mapper.dtd" >
<mapper namespace="com.dinner.common.dao.auto.DcOrderDAO">
	<sql id="Example_Where_Clause">
		<where>
			<foreach collection="oredCriteria" item="criteria" separator="or">
				<if test="criteria.valid">
					<trim prefix="(" suffix=")" prefixOverrides="and">
						<foreach collection="criteria.criteria" item="criterion">
							<choose>
								<when test="criterion.noValue">
									and ${criterion.condition}
								</when>
								<when test="criterion.singleValue">
									and ${criterion.condition} #{criterion.value}
								</when>
								<when test="criterion.betweenValue">
									and ${criterion.condition} #{criterion.value} and
									#{criterion.secondValue}
								</when>
								<when test="criterion.listValue">
									and ${criterion.condition}
									<foreach collection="criterion.value" item="listItem"
										open="(" close=")" separator=",">
										#{listItem}
									</foreach>
								</when>
							</choose>
						</foreach>
					</trim>
				</if>
			</foreach>
		</where>
	</sql>

	<select id="selectByExample" resultType="java.util.Map"
		parameterType="com.dinner.common.entity.DcOrderExample">
		select * from dc_order do
		left join dc_rest dr on dr.id = do.sendRestId
		<if test="_parameter != null">
			<include refid="Example_Where_Clause" />
		</if>
		<if test="orderByClause != null">
			order by ${orderByClause}
		</if>
		<if test="offset != null and limit != null">
			limit ${offset}, ${limit}
		</if>
	</select>
	
	
	<select id="selectEmployee" parameterType="com.dinner.common.entity.DcOrderExample" resultType="java.util.Map">
		select a.userId,a.loginName,a.name,a.mobile,c.manager_zone,c.x_coordinate,c.y_coordinate  from Mgr_User a
		left join dc_employee c on a.userType = c.id 
		<if test="_parameter != null">
			<include refid="Example_Where_Clause" />
		</if>
	</select>
	
	<select id="selectRest" parameterType="java.lang.Integer" resultType="com.dinner.common.entity.DcRest">
	    select dr.* from dc_rest dr, dc_order dor where dr.id = dor.sendRestId and dor.id=#{orderId,jdbcType=INTEGER}
	</select>
	
	
	
	<select id="selectForSubmitByExample" resultType="java.util.Map"
		parameterType="com.dinner.common.entity.DcOrderExample">
		select * from dc_order a
		left join  dc_rest b on a.sendRestId = b.id
		<if test="_parameter != null">
			<include refid="Example_Where_Clause" />
		</if>
		<if test="orderByClause != null">
			order by ${orderByClause}
		</if>
		<if test="offset != null and limit != null">
			limit ${offset}, ${limit}
		</if>
	</select>
	
	

	<select id="countByExample" parameterType="com.dinner.common.entity.DcOrderExample"
		resultType="java.lang.Integer">
		select count(*) from dc_order do
		left join dc_rest dr on dr.id = do.sendRestId
		<if test="_parameter != null">
			<include refid="Example_Where_Clause" />
		</if>
	</select>

	<select id="selectByPrimaryKey" resultType="com.dinner.common.entity.DcOrder"
		parameterType="java.lang.Integer">
		select * from dc_order where id = #{id,jdbcType=INTEGER}
	</select>


	<delete id="deleteByPrimaryKey" parameterType="java.lang.Integer">
		delete from dc_order where id = #{id,jdbcType=INTEGER}
	</delete>

	<insert id="insert" parameterType="com.dinner.common.entity.DcOrder">
		<selectKey resultType="java.lang.Integer" keyProperty="id"
			order="AFTER">
			SELECT LAST_INSERT_ID()
		</selectKey>
		insert into dc_order (rest_id,
		order_no,operate_id,type,money,state,table_no,pensonNum,sendName,sendLink,sendAddress,sendRestId,sendRestStatus,ispay,
		<if test="pay_time != null">
			pay_time,
		</if>
		
		cashor)values
		(#{rest_id,jdbcType=INTEGER}, #{order_no,jdbcType=VARCHAR},
		#{operate_id,jdbcType=VARCHAR}, #{type,jdbcType=INTEGER},
		#{money,jdbcType=DECIMAL}, #{state,jdbcType=INTEGER}, #{table_no,jdbcType=INTEGER},#{pensonNum,jdbcType=INTEGER},
		#{sendName,jdbcType=VARCHAR},
		#{sendLink,jdbcType=VARCHAR},
		#{sendAddress,jdbcType=VARCHAR},#{sendRestId,jdbcType=INTEGER},#{sendRestStatus,jdbcType=INTEGER},#{ispay,jdbcType=INTEGER},
		<if test="pay_time != null">
			#{pay_time,jdbcType=TIMESTAMP},
		</if>
		
		#{cashor,jdbcType=VARCHAR}
		)
	</insert>

	<update id="updateByPrimaryKey" parameterType="com.dinner.common.entity.DcOrder">
		update dc_order
		 <set >
	      <if test="type != null" >
	        type = #{type,jdbcType=INTEGER},
	      </if> 
	      <if test="ispay != null" >
	        ispay = #{ispay,jdbcType=INTEGER},
	      </if> 
	      <if test="pay_time != null" >
	        pay_time = #{pay_time,jdbcType=TIMESTAMP},
	      </if> 
	      <if test="cashor != null" >
	        cashor = #{cashor,jdbcType=VARCHAR},
	      </if> 
	      <if test="privilege != null" >
	        privilege = #{privilege,jdbcType=INTEGER},
	      </if>
	      <if test="money != null" >
	        money = #{money,jdbcType=DECIMAL},
	      </if>
	      <if test="state != null" >
	        state = #{state,jdbcType=INTEGER},
	      </if>
	       <if test="table_no != null" >
	        table_no = #{table_no,jdbcType=INTEGER},
	      </if>
	       <if test="pensonNum != null" >
	        pensonNum = #{pensonNum,jdbcType=INTEGER},
	      </if>
	       <if test="sendName != null" >
	        sendName = #{sendName,jdbcType=VARCHAR},
	      </if>
	       <if test="sendLink != null" >
	        sendLink = #{sendLink,jdbcType=VARCHAR},
	      </if>
	       <if test="sendAddress != null" >
	        sendAddress = #{sendAddress,jdbcType=VARCHAR},
	      </if>
	       <if test="sendRestId != null" >
	        sendRestId = #{sendRestId,jdbcType=INTEGER},
	      </if>
	       <if test="sendRestStatus != null" >
	        sendRestStatus = #{sendRestStatus,jdbcType=INTEGER},
	      </if>
	       <if test="viewUser != null" >
	        viewUser = #{viewUser,jdbcType=INTEGER},
	      </if>
	    </set>
		where id = #{id,jdbcType=INTEGER}
		
	</update>

	<select id="selectMenuById" resultType="java.util.Map"
		parameterType="java.util.Map">
		select * from dc_order_menu dom left join dc_menu_manager dmm on dmm.id =
		dom.menuId where order_id = #{id,jdbcType=INTEGER}
		  <if test="menuId != null" >
	        and dom.id = #{menuId,jdbcType=INTEGER}
	      </if>
	</select>
	
	<insert id="insertMenu" parameterType="com.dinner.common.entity.DcOrderMenu">
		<selectKey resultType="java.lang.Integer" keyProperty="id"
			order="AFTER">
			SELECT LAST_INSERT_ID()
		</selectKey>
		insert into dc_order_menu (order_id,
		menuId,num,status,insert_order_time,order_time,back_reason,backor,back_men,remark)values
		(#{order_id,jdbcType=INTEGER},
		#{menuId,jdbcType=INTEGER}, #{num,jdbcType=INTEGER}, #{status,jdbcType=INTEGER},
		#{insert_order_time,jdbcType=VARCHAR}, #{order_time,jdbcType=VARCHAR},
		#{back_reason,jdbcType=VARCHAR}, #{backor,jdbcType=VARCHAR},
		#{back_men,jdbcType=VARCHAR},
		#{remark,jdbcType=VARCHAR})
	</insert>

	<delete id="deleteAllMenu" parameterType="java.lang.Integer">
		delete from dc_order_menu where order_id = #{orderId,jdbcType=INTEGER}
	</delete>
	
	<select id="countBackByExample" parameterType="java.lang.Integer" resultType="java.lang.Integer">
		select count(*) from dc_order_menu where status = 5 and order_id=#{orderId,jdbcType=INTEGER}
	</select>
	
	<update id="saveBack" parameterType="java.util.Map">
		update dc_order_menu
		set back_reason = #{reason},
		backor = #{backName},
		back_men = #{backMenName},
		status=4
		where order_id = #{orderId} and menuId in (#{menuIds})
	</update>
	
	<update id="saveprice" parameterType="java.lang.Integer">
	    update dc_order set money = (select sum(price*num) from dc_order_menu a left join dc_menu_manager b on b.id = a.menuId where a.order_id =#{id}) where id=#{id}
	</update>
	
	<update id="saveSell" parameterType="java.util.Map">
		update dc_order
		set  ispay = #{ispay,jdbcType=INTEGER},
		pay_time = #{pay_time,jdbcType=TIMESTAMP},
		cashor = #{cashor,jdbcType=VARCHAR},
		state = #{state,jdbcType=INTEGER}
		where id = #{id,jdbcType=INTEGER}
	</update>
	
	<select id="queryCook" parameterType="java.lang.Integer" resultType="java.util.Map">
		select menuId,sum(num) as num,a.status,order_time,GROUP_CONCAT(a.id) as ids,a.cooker,b.*,a.remark,
			sum(case when dco.type =0 then num else 0 end) kc,
			sum(case when dco.type =1 then num else 0 end) ts,
			sum(case when dco.type >1 then num else 0 end) wm
			from dc_order_menu a
			left join dc_menu_manager b on a.menuId = b.id
			left join dc_order  dco on  a.order_id=dco.id
		where b.restId = #{restId,jdbcType=INTEGER} and (a.status=1 or a.status=0)
		and a.order_id in (select id from dc_order where sendRestStatus=1 and sendRestId= #{restId,jdbcType=INTEGER} )
 		group by menuId,a.remark, a.status order by a.status desc,order_time
	</select>
	
	<select id="queryCookForMap" parameterType="java.lang.Integer" resultType="java.util.Map">
		select menuId,sum(num) as num,a.status,order_time,GROUP_CONCAT(a.id) as ids,a.cooker,b.* ,a.remark,
			sum(case when dco.type =0 then num else 0 end) kc,
			sum(case when dco.type =1 then num else 0 end) ts,
			sum(case when dco.type >1 then num else 0 end) wm
		from dc_order_menu a
		left join dc_menu_manager b on a.menuId = b.id
		left join dc_order  dco on  a.order_id=dco.id
		where b.restId = #{restId,jdbcType=INTEGER} and (a.status=1 or a.status=0)
		and a.order_id in (select id from dc_order where sendRestStatus=1 and sendRestId= #{restId,jdbcType=INTEGER} )
 		group by menuId,a.remark, a.status order by b.type,a.status desc,order_time
	</select>
	
	<update id="updateCooker" parameterType="java.util.Map">
		update dc_order_menu
		set cooker = #{cooker}, status=1
		where id in 
		<foreach item="item" index="index" collection="ids" open="(" separator="," close=")">  
		 #{item}  
		</foreach>
	</update>
	
	<select id="selectMateUse" parameterType="java.util.Map" resultType="java.util.Map">
	    select dmm.* from dc_order_menu dom,
		dc_mate_menu dmm where dom.menuId = dmm.menuId and dmm.restId= #{restId} and dom.id in 
		<foreach item="item" index="index" collection="ids" open="(" separator="," close=")">  
		 #{item}  
		</foreach>
	</select>
	
	
	<update id="changeSubmit" parameterType="java.lang.Integer">
		update dc_order set submit = 1 , submitTime= now()  where id = #{id,jdbcType=INTEGER}
	</update>
	
	<update id="sendSend" parameterType="java.util.Map">
		update dc_order set sendRestStatus = 1 , viewUser= #{yesNo,jdbcType=VARCHAR} where id = #{id,jdbcType=INTEGER}
	</update>
	
	<update id="submitSend" parameterType="java.util.Map">
		update dc_order set sendStatus = #{status,jdbcType=INTEGER} , #{sendStatus}=now()  where id = #{id,jdbcType=INTEGER}
	</update>
	
	<update id="updateCookerStatus" parameterType="java.util.Map">
		update dc_order_menu
		set status=2
		where id in 
		<foreach item="item" index="index" collection="ids" open="(" separator="," close=")">  
		 #{item}  
		</foreach>
	</update>
	<update id="dealOrder" parameterType="java.util.Map">
		update dc_order set accept = #{status,jdbcType=INTEGER} , acceptTime= now()  where id = #{id,jdbcType=INTEGER}
	</update>
	
	
	
	<update id="setEmployee" parameterType="java.util.Map">
		update dc_order set sendStatus =1 ,sendManId= #{id,jdbcType=INTEGER} ,sendMan=#{name,jdbcType=VARCHAR} where id = #{orderId,jdbcType=INTEGER}
	</update>
	
	
	
</mapper>