<?xml version="1.0" encoding="UTF-8" ?>
<!DOCTYPE mapper PUBLIC "-//mybatis.org//DTD Mapper 3.0//EN" "http://mybatis.org/dtd/mybatis-3-mapper.dtd" >
<mapper namespace="com.dinner.common.dao.auto.DcRestDAO">
	<resultMap id="BaseResultMap" type="com.dinner.common.entity.DcRest">
		<id column="id" property="id" jdbcType="INTEGER" />
		<result column="name" property="name" jdbcType="VARCHAR" />
		<result column="telephone" property="telephone" jdbcType="VARCHAR" />
		<result column="mobile" property="mobile" jdbcType="VARCHAR" />
		<result column="pic" property="pic" jdbcType="VARCHAR" />
		<result column="info" property="info" jdbcType="VARCHAR" />
		<result column="features" property="features" jdbcType="VARCHAR" />
		<result column="address" property="address" jdbcType="VARCHAR" />
		<result column="create_time" property="createTime" jdbcType="TIMESTAMP" />
		<result column="update_time" property="updateTime" jdbcType="TIMESTAMP" />
		<result column="business_zone" property="businessZone" jdbcType="VARCHAR" />
		<result column="delivery_req_price" property="deliveryReqPrice" jdbcType="DECIMAL" />
		<result column="link" property="link" jdbcType="VARCHAR" />
		<result column="manage_time" property="manageTime" jdbcType="VARCHAR" />
		<result column="manage_area" property="manageArea" jdbcType="VARCHAR" />
		<result column="x_coordinate" property="xCoordinate" jdbcType="VARCHAR" />
		<result column="y_coordinate" property="yCoordinate" jdbcType="VARCHAR" />
		<result column="join_type" property="joinType" jdbcType="VARCHAR" />
		<result column="groom" property="groom" jdbcType="INTEGER" />
		<result column="avg_price" property="avgPrice" jdbcType="DECIMAL" />
		<result column="remark" property="remark" jdbcType="VARCHAR" />
		<result column="startTime" property="startTime" jdbcType="VARCHAR" />
		<result column="endTime" property="endTime" jdbcType="VARCHAR" />
	</resultMap>
	<sql id="Example_Where_Clause">
		<where>
			<foreach collection="oredCriteria" item="criteria" separator="or">
				<if test="criteria.valid">
					<trim prefix="(" suffix=")" prefixOverrides="and">
						<foreach collection="criteria.criteria" item="criterion">
							<choose>
								<when test="criterion.noValue">
									and ${criterion.condition}
								</when>
								<when test="criterion.singleValue">
									and ${criterion.condition} #{criterion.value}
								</when>
								<when test="criterion.betweenValue">
									and ${criterion.condition} #{criterion.value} and
									#{criterion.secondValue}
								</when>
								<when test="criterion.listValue">
									and ${criterion.condition}
									<foreach collection="criterion.value" item="listItem"
										open="(" close=")" separator=",">
										#{listItem}
									</foreach>
								</when>
							</choose>
						</foreach>
					</trim>
				</if>
			</foreach>
		</where>
	</sql>
	
	<sql id="Update_By_Example_Where_Clause">
		<where>
			<foreach collection="example.oredCriteria" item="criteria"
				separator="or">
				<if test="criteria.valid">
					<trim prefix="(" suffix=")" prefixOverrides="and">
						<foreach collection="criteria.criteria" item="criterion">
							<choose>
								<when test="criterion.noValue">
									and ${criterion.condition}
								</when>
								<when test="criterion.singleValue">
									and ${criterion.condition} #{criterion.value}
								</when>
								<when test="criterion.betweenValue">
									and ${criterion.condition} #{criterion.value} and
									#{criterion.secondValue}
								</when>
								<when test="criterion.listValue">
									and ${criterion.condition}
									<foreach collection="criterion.value" item="listItem"
										open="(" close=")" separator=",">
										#{listItem}
									</foreach>
								</when>
							</choose>
						</foreach>
					</trim>
				</if>
			</foreach>
		</where>
	</sql>
	
	<select id="selectByExample" resultMap="BaseResultMap" parameterType="com.dinner.common.entity.DcRestExample">
		select * from dc_rest
		<if test="_parameter != null">
			<include refid="Example_Where_Clause" />
		</if>
		<if test="orderByClause != null">
			order by ${orderByClause}
		</if>
		<if test="offset != null and limit != null">
			limit ${offset}, ${limit}
		</if>
	</select>
	
	<select id="getAllRest" resultType="com.dinner.common.entity.DcRest">
		select * from dc_rest
	</select>
	
	<select id="selectByPrimaryKey" resultMap="BaseResultMap" parameterType="java.lang.Integer">
		select * from dc_rest where id = #{id,jdbcType=INTEGER}
	</select>
	<delete id="deleteByPrimaryKey" parameterType="java.lang.Integer">
		delete from dc_rest where id = #{id,jdbcType=INTEGER}
	</delete>
	<delete id="deleteByExample" parameterType="com.dinner.common.entity.DcRestExample">
		delete from dc_rest
		<if test="_parameter != null">
			<include refid="Example_Where_Clause" />
		</if>
	</delete>
	
	<insert id="insert" parameterType="com.dinner.common.entity.DcRest">
		<selectKey resultType="java.lang.Integer" keyProperty="id"
			order="AFTER">
			SELECT LAST_INSERT_ID()
		</selectKey>
		
		insert into dc_rest (name, telephone, mobile,
		pic, info, features,
		address, create_time, update_time,
		business_zone, delivery_req_price, link,
		manage_time, manage_area, x_coordinate,
		y_coordinate, join_type, groom,avg_price,remark,startTime,endTime)
		values (#{name,jdbcType=VARCHAR}, #{telephone,jdbcType=VARCHAR},
		#{mobile,jdbcType=VARCHAR},
		#{pic,jdbcType=VARCHAR}, #{info,jdbcType=VARCHAR}, #{features,jdbcType=VARCHAR},
		#{address,jdbcType=VARCHAR}, #{createTime,jdbcType=TIMESTAMP},
		#{updateTime,jdbcType=TIMESTAMP},
		#{businessZone,jdbcType=VARCHAR}, #{deliveryReqPrice,jdbcType=DECIMAL}, #{link,jdbcType=VARCHAR},
		#{manageTime,jdbcType=VARCHAR}, #{manageArea,jdbcType=VARCHAR},
		#{xCoordinate,jdbcType=VARCHAR},
		#{yCoordinate,jdbcType=VARCHAR},
		 #{joinType,jdbcType=VARCHAR}, #{groom,jdbcType=INTEGER},
		 #{avgPrice,jdbcType=DECIMAL}, #{remark,jdbcType=VARCHAR}, #{startTime,jdbcType=VARCHAR}, #{endTime,jdbcType=VARCHAR})
	</insert>
	<select id="countByExample" parameterType="com.dinner.common.entity.DcRestExample" resultType="java.lang.Integer">
		select count(*) from dc_rest
		<if test="_parameter != null">
			<include refid="Example_Where_Clause" />
		</if>
	</select>
	
	<update id="updateByPrimaryKey" parameterType="com.dinner.common.entity.DcRest">
		update dc_rest
		set name = #{name,jdbcType=VARCHAR},
		telephone = #{telephone,jdbcType=VARCHAR},
		mobile = #{mobile,jdbcType=VARCHAR},
		pic = #{pic,jdbcType=VARCHAR},
		info = #{info,jdbcType=VARCHAR},
		features = #{features,jdbcType=VARCHAR},
		address = #{address,jdbcType=VARCHAR},
		create_time = #{createTime,jdbcType=TIMESTAMP},
		update_time = #{updateTime,jdbcType=TIMESTAMP},
		business_zone = #{businessZone,jdbcType=VARCHAR},
		delivery_req_price = #{deliveryReqPrice,jdbcType=DECIMAL},
		link = #{link,jdbcType=VARCHAR},
		manage_time = #{manageTime,jdbcType=VARCHAR},
		manage_area = #{manageArea,jdbcType=VARCHAR},
		x_coordinate = #{xCoordinate,jdbcType=VARCHAR},
		y_coordinate = #{yCoordinate,jdbcType=VARCHAR},
		join_type = #{joinType,jdbcType=VARCHAR},
		groom = #{groom,jdbcType=INTEGER},
		avg_price = #{avgPrice,jdbcType=DECIMAL},
		remark = #{remark,jdbcType=VARCHAR},
		startTime = #{startTime,jdbcType=VARCHAR},
		endTime = #{endTime,jdbcType=VARCHAR}
		where id = #{id,jdbcType=INTEGER}
	</update>
</mapper>