<?xml version="1.0" encoding="UTF-8"?>
<!DOCTYPE mapper PUBLIC "-//mybatis.org//DTD Mapper 3.0//EN" "http://mybatis.org/dtd/mybatis-3-mapper.dtd" >
<mapper namespace="com.dinner.common.dao.auto.DcUserDAO">
	<resultMap type="com.dinner.common.entity.DcUser" id="DcUserMap">
		<id property="id" column="id" />
		<result property="name" column="name" />
		<result property="password" column="password" />
		<result property="mobile" column="mobile" />
		<result property="phone" column="phone" />
		<result property="qq" column="qq" />
		<result property="email" column="email" />
		<result property="nickName" column="nick_name" />
		<result property="email" column="email" />
		<result property="createTime" column="create_time" />
		<result property="updateTime" column="update_time" />
	</resultMap>

	<select id="pageQuery" parameterType="map" resultMap="DcUserMap">
		select * from dc_user
		<trim prefix="where" suffixOverrides="and">
			<if test="query.name!=null">name = #{query.name} and</if>
			<if test="query.password!=null">password = #{query.password} and</if>
			<if test="query.mobile!=null">mobile = #{query.mobile} and</if>
		</trim>
	</select>
	
	<select id="findOne" parameterType="com.dinner.common.entity.DcUser" resultMap="DcUserMap">
		select * from dc_user
		<trim prefix="where" suffixOverrides="and">
			<if test="id!=null">id = #{id} and</if>
			<if test="name!=null">name = #{name} and</if>
			<if test="password!=null">password = #{password} and</if>
			<if test="mobile!=null">mobile = #{mobile} and</if>
		</trim>
	</select>
	
	
	
	<sql id="Example_Where_Clause">
		<where>
			<foreach collection="oredCriteria" item="criteria" separator="or">
				<if test="criteria.valid">
					<trim prefix="(" suffix=")" prefixOverrides="and">
						<foreach collection="criteria.criteria" item="criterion">
							<choose>
								<when test="criterion.noValue">
									and ${criterion.condition}
								</when>
								<when test="criterion.singleValue">
									and ${criterion.condition} #{criterion.value}
								</when>
								<when test="criterion.betweenValue">
									and ${criterion.condition} #{criterion.value} and
									#{criterion.secondValue}
								</when>
								<when test="criterion.listValue">
									and ${criterion.condition}
									<foreach collection="criterion.value" item="listItem"
										open="(" close=")" separator=",">
										#{listItem}
									</foreach>
								</when>
							</choose>
						</foreach>
					</trim>
				</if>
			</foreach>
		</where>
	</sql>
	<select id="queryUserList" resultType="Map" parameterType="com.dinner.common.entity.DcUserExample">
		
		select u.*,b.address,max(b.lasttime) lasttime from dc_user u
		left join log_lastbuy b on u.id=b.userId 
		<if test="_parameter != null">
			<include refid="Example_Where_Clause" />
		</if>
		
		<if test="orderByClause != null">
			order by ${orderByClause}
		</if>
		<if test="offset != null and limit != null">
			limit ${offset}, ${limit}
		</if>
	</select>
	
	<select id="countByExample" parameterType="com.dinner.common.entity.DcUserExample" resultType="java.lang.Integer">
		select count(*) from dc_user
		<if test="_parameter != null">
			<include refid="Example_Where_Clause" />
		</if>
	</select>
	
	<select id="queryRestUserList" resultType="Map" parameterType="com.dinner.common.entity.DcUserExample">
		
		select u.*,b.address,b.lasttime lasttime,ds.sale from dc_user u
		left join log_lastbuy b on u.id=b.userId 
		left join dc_rest_sale ds on ds.restId=b.restId and ds.userId = b.userId
		<if test="_parameter != null">
			<include refid="Example_Where_Clause" />
		</if>
		
		<if test="orderByClause != null">
			order by ${orderByClause}
		</if>
		<if test="offset != null and limit != null">
			limit ${offset}, ${limit}
		</if>
	</select>
	
	<select id="countRestByExample" parameterType="com.dinner.common.entity.DcUserExample" resultType="java.lang.Integer">
		select count(*) from dc_user u
		left join log_lastbuy b on u.id=b.userId 
		left join dc_rest_sale ds on ds.restId=b.restId and ds.userId = b.userId
		<if test="_parameter != null">
			<include refid="Example_Where_Clause" />
		</if>
	</select>
	
	
	
	
	

	<insert id="insert" parameterType="com.dinner.common.entity.DcUser" useGeneratedKeys="true" keyProperty="id">
		insert into dc_user
		(
			name,
			password,
			mobile,
			nick_name,
			email,
			phone,
			qq,
			create_time,
			update_time
		)
		values
		(
			#{name},
			#{password},
			#{mobile},
			#{nickName},
			#{email},
			#{phone},
			#{qq},
			#{createTime},
			#{updateTime}
		)
	</insert>

	<delete id="delete" parameterType="java.io.Serializable">
		delete from dc_user where id=#{id}
	</delete>

	<update id="update" parameterType="com.dinner.common.entity.DcUser">
		update dc_user
		<trim prefix="set" suffixOverrides=",">
			<if test="name!=null">name=#{name},</if>
			<if test="password!=null">password=#{password},</if>
			<if test="mobile!=null">mobile=#{mobile},</if>
			<if test="nickName!=null">nick_name=#{nickName},</if>
			<if test="phone!=null">phone=#{phone},</if>
			<if test="email!=null">email=#{email},</if>
			<if test="qq!=null">qq=#{qq},</if>
			<if test="createTime!=null">create_time=#{createTime},</if>
			<if test="updateTime!=null">update_time=#{updateTime},</if>
		</trim>
		where id = #{id}
	</update>
	
	<update id="updateByMob" parameterType="com.dinner.common.entity.DcUser">
		update dc_user
		<trim prefix="set" suffixOverrides=",">
			<if test="name!=null">name=#{name},</if>
			<if test="password!=null">password=#{password},</if>
			<if test="nickName!=null">nick_name=#{nickName},</if>
			<if test="phone!=null">phone=#{phone},</if>
			<if test="email!=null">email=#{email},</if>
			<if test="qq!=null">qq=#{qq},</if>
			<if test="createTime!=null">create_time=#{createTime},</if>
			<if test="updateTime!=null">update_time=#{updateTime},</if>
		</trim>
		where mobile = #{mobile}
	</update>

	<update id="updateAll" parameterType="com.dinner.common.entity.DcUser">
		update dc_user
		<trim prefix="set" suffixOverrides=",">
			name=#{name},
			password=#{password},
			mobile=#{mobile},
			nick_name=#{nickName},
			phone=#{phone},
			email=#{email},
			qq=#{qq},
			create_time=#{createTime},
			update_time=#{updateTime},
		</trim>
		where id = #{id}
	</update>
	<update id="saveSale" parameterType="Map">
		update dc_rest_sale set sale = #{sale} where restId=#{restId} and userId=#{userId}
	</update>
	
	<select id="getById" resultType="com.dinner.common.entity.DcUser" parameterType="java.io.Serializable">
		select * from dc_user where id = #{id}
	</select>
</mapper>