<?xml version="1.0" encoding="UTF-8" ?>
<!DOCTYPE mapper PUBLIC "-//mybatis.org//DTD Mapper 3.0//EN" "http://mybatis.org/dtd/mybatis-3-mapper.dtd" >
<mapper namespace="com.dinner.common.dao.auto.LogMateDAO" >
  <sql id="Example_Where_Clause" >
    <where >
      <foreach collection="oredCriteria" item="criteria" separator="or" >
        <if test="criteria.valid" >
          <trim prefix="(" suffix=")" prefixOverrides="and" >
            <foreach collection="criteria.criteria" item="criterion" >
              <choose >
                <when test="criterion.noValue" >
                  and ${criterion.condition}
                </when>
                <when test="criterion.singleValue" >
                  and ${criterion.condition} #{criterion.value}
                </when>
                <when test="criterion.betweenValue" >
                  and ${criterion.condition} #{criterion.value} and #{criterion.secondValue}
                </when>
                <when test="criterion.listValue" >
                  and ${criterion.condition}
                  <foreach collection="criterion.value" item="listItem" open="(" close=")" separator="," >
                    #{listItem}
                  </foreach>
                </when>
              </choose>
            </foreach>
          </trim>
        </if>
      </foreach>
    </where>
  </sql>
  
  <select id="selectByExample" resultType="com.dinner.common.entity.LogMate" parameterType="com.dinner.common.entity.LogMateExample" >
    select *  from log_mate lm
     left join sys_param sp on lm.mateId = sp.codeKey  and name='009'
    <if test="_parameter != null" >
      <include refid="Example_Where_Clause" />
    </if>
    <if test="orderByClause != null" >
      order by ${orderByClause}
    </if>
    <if test="offset != null and limit != null" >
      limit ${offset}, ${limit}
    </if>
  </select>
  
  <select id="countByExample" parameterType="com.dinner.common.entity.LogMateExample" resultType="java.lang.Integer" >
    select count(*) from log_mate lm
     left join sys_param sp on lm.mateId = sp.codeKey  and name='009'
    <if test="_parameter != null" >
      <include refid="Example_Where_Clause" />
    </if>
  </select>
  

  <insert id="insert" parameterType="com.dinner.common.entity.LogMate" >
    <selectKey resultType="java.lang.Integer" keyProperty="id" order="AFTER" >
      SELECT LAST_INSERT_ID()
    </selectKey>
    insert into log_mate (restId, mateId, addNum,addMoney, updateime,remark,addType)
    values (#{restId,jdbcType=INTEGER}, #{mateId,jdbcType=VARCHAR}, #{addNum,jdbcType=INTEGER}, 
      #{addMoney,jdbcType=DECIMAL}, #{updateime,jdbcType=TIMESTAMP},#{remark,jdbcType=VARCHAR}, #{addType,jdbcType=INTEGER})
  </insert>
</mapper>