<?xml version="1.0" encoding="UTF-8"?>
<!DOCTYPE mapper PUBLIC "-//mybatis.org//DTD Mapper 3.0//EN" 
	"http://mybatis.org/dtd/mybatis-3-mapper.dtd">
<mapper namespace="com.dinner.common.dao.auto.DcRoleDAO">
    <sql id="Example_Where_Clause" >
    <where >
      <foreach collection="oredCriteria" item="criteria" separator="or" >
        <if test="criteria.valid" >
          <trim prefix="(" suffix=")" prefixOverrides="and" >
            <foreach collection="criteria.criteria" item="criterion" >
              <choose >
                <when test="criterion.noValue" >
                  and ${criterion.condition}
                </when>
                <when test="criterion.singleValue" >
                  and ${criterion.condition} #{criterion.value}
                </when>
                <when test="criterion.betweenValue" >
                  and ${criterion.condition} #{criterion.value} and #{criterion.secondValue}
                </when>
                <when test="criterion.listValue" >
                  and ${criterion.condition}
                  <foreach collection="criterion.value" item="listItem" open="(" close=")" separator="," >
                    #{listItem}
                  </foreach>
                </when>
              </choose>
            </foreach>
          </trim>
        </if>
      </foreach>
    </where>
  </sql>
  
  <select id="selectByExample" resultType="com.dinner.common.entity.DcRole" parameterType="com.dinner.common.entity.DcRoleExample" >
    select *  from Mgr_Post
    <if test="_parameter != null" >
      <include refid="Example_Where_Clause" />
    </if>
    <if test="orderByClause != null" >
      order by ${orderByClause}
    </if>
    <if test="offset != null and limit != null" >
      limit ${offset}, ${limit}
    </if>
  </select>
  
  <select id="countByExample" parameterType="com.dinner.common.entity.DcRoleExample" resultType="java.lang.Integer" >
    select count(*) from Mgr_Post
    <if test="_parameter != null" >
      <include refid="Example_Where_Clause" />
    </if>
  </select>
  
   <select id="isUse" parameterType="java.lang.Integer" resultType="java.lang.Integer" >
    	select count(*) from Mgr_UserPost where postId = #{postId,jdbcType=INTEGER}
  </select>
  
  
  <select id="selectByPrimaryKey" resultType="com.dinner.common.entity.DcRole" parameterType="java.lang.Integer" >
    select  * from Mgr_Post where postId = #{postId,jdbcType=INTEGER}
  </select>
  
   <select id="selectPrivByPrimaryKey" resultType="java.util.Map" parameterType="java.lang.Integer" >
		select a.privId,a.name,b.id,a.level from Mgr_Privilege a
 		left join Mgr_PostPrivilege b on a.privId = b.privId and b.postId = #{postId,jdbcType=INTEGER} order by a.sort
  </select>
  
   <select id="selectAllPrivByPrimaryKey" resultType="java.util.Map" >
		select a.privId,a.name,a.level from Mgr_Privilege a order by a.sort
 		
  </select>
  
  <select id="selectUserByPrimaryKey" resultType="java.util.Map" parameterType="java.lang.Integer" >
		select b.name,b.mobile from Mgr_UserPost a
 		left join Mgr_User b on a.userId = b.userId where a.postId = #{postId,jdbcType=INTEGER}
  </select>
  
  
  <select id="selectAllPrivByUser" resultType="java.util.Map" parameterType="java.lang.Integer">
		select a.privId,a.name,a.level from Mgr_Privilege a where a.privId in (select privId from Mgr_PostPrivilege x,Mgr_UserPost y where x.postId=y.postId and y.userId= #{userId,jdbcType=INTEGER} )  order by a.sort
  </select>
  
  <select id="selectPrivByUser" resultType="java.util.Map" parameterType="java.util.Map" >
		select a.privId,a.name,b.id,a.level from Mgr_Privilege a
 		left join Mgr_PostPrivilege b on a.privId = b.privId and b.postId = #{postId,jdbcType=INTEGER} 
 		where a.privId in (select privId from Mgr_PostPrivilege x,Mgr_UserPost y where x.postId=y.postId and y.userId= #{userId,jdbcType=INTEGER} )
 		order by a.sort
  </select>
  
  <delete id="deleteByPrimaryKey" parameterType="java.lang.Integer" >
    delete from Mgr_Post where postId = #{postId,jdbcType=INTEGER}
  </delete>
 <delete id="deletePostPriv" parameterType="java.lang.Integer" >
    delete from Mgr_PostPrivilege where postId = #{postId,jdbcType=INTEGER}
  </delete>
  
  <insert id="insertPostPriv" parameterType="java.util.Map" >
    <selectKey resultType="java.lang.Integer" keyProperty="id" order="AFTER" >
      SELECT LAST_INSERT_ID()
    </selectKey>
    insert into Mgr_PostPrivilege (postId, privId)
    values (#{postId,jdbcType=INTEGER}, #{privId,jdbcType=INTEGER})
  </insert>
  
  
  
  <insert id="insert" parameterType="com.dinner.common.entity.DcRole" >
    <selectKey resultType="java.lang.Integer" keyProperty="postId" order="AFTER" >
      SELECT LAST_INSERT_ID()
    </selectKey>
    insert into Mgr_Post (name, description,createTime, uptime,userTop)
    values (#{name,jdbcType=VARCHAR}, #{description,jdbcType=VARCHAR}, 
      #{createTime,jdbcType=TIMESTAMP}, #{uptime,jdbcType=TIMESTAMP},#{userTop,jdbcType=INTEGER})
  </insert>
 
  <update id="updateByPrimaryKey" parameterType="com.dinner.common.entity.DcRole" >
    update Mgr_Post
    set name = #{name,jdbcType=VARCHAR},
      description = #{description,jdbcType=VARCHAR},
      userTop=#{userTop,jdbcType=INTEGER},
      uptime = #{uptime,jdbcType=TIMESTAMP}
    where postId = #{postId,jdbcType=INTEGER}
  </update>
</mapper>