<?xml version="1.0" encoding="UTF-8"?>
<!DOCTYPE mapper PUBLIC "-//mybatis.org//DTD Mapper 3.0//EN" 
	"http://mybatis.org/dtd/mybatis-3-mapper.dtd">
<mapper namespace="com.dinner.common.dao.auto.ReportDAO">

	<select id="money" resultType="java.util.Map" parameterType="java.util.Map">
		select cashor,sum(money) as total,count(*) record from dc_order where state =2 and
		rest_id=#{restId}
		<if test="start != null">
			and create_time &gt;= #{start}
		</if>
		<if test="end != null">
			and create_time &lt;= #{end}
		</if>
		group by cashor
	</select>

	<select id="srxx" resultType="java.util.Map" parameterType="java.util.Map">
		select dr.*,sum(money) as total,count(*) record from dc_order d left join dc_rest dr on dr.id =
		d.rest_id where state =2
		<if test="start != null">
			and d.create_time &gt;= #{start}
		</if>
		<if test="end != null">
			and d.create_time &lt;= #{end}
		</if>
		group by d.rest_id
	</select>
</mapper>