<?xml version="1.0" encoding="UTF-8" ?>
<!DOCTYPE mapper PUBLIC "-//mybatis.org//DTD Mapper 3.0//EN" "http://mybatis.org/dtd/mybatis-3-mapper.dtd" >
<mapper namespace="com.dinner.common.dao.auto.SysParamDAO" >
    
  	<select id="query" resultType="com.dinner.common.entity.SysParam">
   		select * from sys_param where status = 1 order by name,topValue,id
  	</select>
  	
  	<select id="selectById" resultType="com.dinner.common.entity.SysParam" parameterType="int">
   		select * from sys_param where id = #{id} 
  	</select>
  	<select id="getParam" resultType="com.dinner.common.entity.SysParam" parameterType="string">
   		select * from sys_param where name = #{name} 
  	</select>
  	
  	<delete id="delete" parameterType="java.io.Serializable">
		delete from sys_param where id = #{id}
	</delete>
	
  	<insert id="insert"  parameterType="com.dinner.common.entity.SysParam"  useGeneratedKeys="true" keyProperty="id">
		insert into sys_param (name, codeKey, codeValue,topValue,status,defend) values (#{name}, #{codeKey}, #{codeValue}, #{topValue}, #{status},0)
	</insert>
	
	<update id="update" parameterType="com.dinner.common.entity.SysParam">
		update sys_param
		<trim prefix="set" suffixOverrides=",">
			<if test="name!=null">name=#{name},</if>
			<if test="codeKey!=null">codeKey=#{codeKey},</if>
			<if test="codeValue!=null">codeValue=#{codeValue},</if>
			<if test="topValue!=null">topValue=#{topValue},</if>
			<if test="status!=null">status=#{status},</if>
		</trim>
		where id = #{id}
	</update>
</mapper>