<?xml version="1.0" encoding="UTF-8"?>
<!DOCTYPE mapper PUBLIC "-//mybatis.org//DTD Mapper 3.0//EN" 
	"http://mybatis.org/dtd/mybatis-3-mapper.dtd">
<mapper namespace="com.dinner.common.dao.auto.UserDAO">
   <sql id="Example_Where_Clause" >
    <where >
      <foreach collection="oredCriteria" item="criteria" separator="or" >
        <if test="criteria.valid" >
          <trim prefix="(" suffix=")" prefixOverrides="and" >
            <foreach collection="criteria.criteria" item="criterion" >
              <choose >
                <when test="criterion.noValue" >
                  and ${criterion.condition}
                </when>
                <when test="criterion.singleValue" >
                  and ${criterion.condition} #{criterion.value}
                </when>
                <when test="criterion.betweenValue" >
                  and ${criterion.condition} #{criterion.value} and #{criterion.secondValue}
                </when>
                <when test="criterion.listValue" >
                  and ${criterion.condition}
                  <foreach collection="criterion.value" item="listItem" open="(" close=")" separator="," >
                    #{listItem}
                  </foreach>
                </when>
              </choose>
            </foreach>
          </trim>
        </if>
      </foreach>
    </where>
  </sql>
  
  <select id="selectByExample" resultType="java.util.Map" parameterType="com.dinner.common.entity.UserExample" >
    select a.*,b.name restName,d.* from Mgr_User a
    left join dc_rest b on a.restId = b.id  
    left join dc_employee d on d.id = a.userType
    <if test="_parameter != null" >
      <include refid="Example_Where_Clause" />
    </if>
    <if test="orderByClause != null" >
      order by ${orderByClause}
    </if>
    <if test="offset != null and limit != null" >
      limit ${offset}, ${limit}
    </if>
  </select>
  
  <select id="countByExample" parameterType="com.dinner.common.entity.UserExample" resultType="java.lang.Integer" >
    select count(*) from Mgr_User a
    <if test="_parameter != null" >
      <include refid="Example_Where_Clause" />
    </if>
  </select>
  
  
   <select id="getUserByRestId" parameterType="java.lang.Integer" resultType="java.lang.Integer" >
    	select count(*) from Mgr_User a where a.restId = #{restId,jdbcType=INTEGER}
  </select>
  
  
  
  	<select id="queryCookList" resultType="Map" parameterType="com.dinner.common.entity.DcUserExample">
		select a.*  from Mgr_User a
		left join dc_employee c on a.userType = c.id 
		<if test="_parameter != null">
			<include refid="Example_Where_Clause" />
		</if>
	</select>
	
  <select id="selectByPrimaryKey" resultType="com.dinner.common.entity.User" parameterType="java.lang.Integer" >
    select  * from Mgr_User where userId = #{userId,jdbcType=INTEGER}
  </select>
  
  
  <delete id="deleteByPrimaryKey" parameterType="java.lang.Integer" >
    delete from Mgr_User where userId = #{userId,jdbcType=INTEGER}
  </delete>
  
  <delete id="delPost" parameterType="java.lang.Integer" >
    delete from Mgr_UserPost where userId = #{userId,jdbcType=INTEGER}
  </delete>
  
  <insert id="insert" parameterType="com.dinner.common.entity.User" >
    <selectKey resultType="java.lang.Integer" keyProperty="userId" order="AFTER" >
      SELECT LAST_INSERT_ID()
    </selectKey>
    insert into Mgr_User (loginName, pwd,name,mobile,status,createTime, uptime,restId,userTop,userType)
    values (#{loginName,jdbcType=VARCHAR}, #{pwd,jdbcType=VARCHAR}, #{name,jdbcType=VARCHAR}, #{mobile,jdbcType=VARCHAR}, #{status,jdbcType=VARCHAR}, 
      #{createTime,jdbcType=TIMESTAMP}, #{uptime,jdbcType=TIMESTAMP},#{restId,jdbcType=INTEGER},#{userTop,jdbcType=INTEGER},#{userType,jdbcType=INTEGER})
  </insert>
  
   <insert id="addPost" parameterType="java.util.Map" >
    <selectKey resultType="java.lang.Integer" keyProperty="id" order="AFTER" >
      SELECT LAST_INSERT_ID()
    </selectKey>
    insert into Mgr_UserPost (userId, postId)values (#{userId,jdbcType=INTEGER}, #{postId,jdbcType=INTEGER})
  </insert>
 
  
  <update id="updateByPrimaryKey" parameterType="com.dinner.common.entity.User" >
    update Mgr_User
    	set loginName = #{loginName,jdbcType=VARCHAR},
      name = #{name,jdbcType=VARCHAR},
      mobile = #{mobile,jdbcType=VARCHAR},
      restId = #{restId,jdbcType=INTEGER},
      userTop = #{userTop,jdbcType=INTEGER},
      userType = #{userType,jdbcType=VARCHAR},
      uptime = #{uptime,jdbcType=TIMESTAMP}
    where userId = #{userId,jdbcType=INTEGER}
  </update>
  
  
	<select id="getByLoginNameAndPwd" resultType="com.dinner.common.entity.User" parameterType="com.dinner.common.entity.User">
		select 
			mu.userId,
mu.loginName,
mu.pwd,
mu.name,
mu.mobile,
mu.status,
mu.createTime,
mu.uptime,
mu.restId,
mu.userTop,
ifnull(de.employeeType,mu.userType) userType from Mgr_User mu
		left join dc_employee de on mu.userType =de.id
		where loginName = #{loginName} and pwd = #{pwd}
	</select>
	
	<select id="longinForEmployee" resultType="com.dinner.common.entity.User" parameterType="com.dinner.common.entity.User">
		select a.* from Mgr_User a 
		left join dc_employee c on a.userType = c.id
		where loginName = #{loginName} and pwd = #{pwd} and c.employeeType=2
	</select>
	
	
	
	
    <update id="modifyPwd" parameterType="com.dinner.common.entity.User">
		update Mgr_User set pwd = #{pwd}, uptime = #{now} where userId = #{userId}
	</update>
    
    <select id="getByLoginName" resultType="com.dinner.common.entity.User" parameterType="string">
		select * from Mgr_User where loginName = #{loginName}
	</select>
    
    <select id="getUserPrivileges"  parameterType="int" resultType="com.dinner.common.entity.Privilege">
		select a.* from Mgr_Privilege a ,Mgr_PostPrivilege b,Mgr_UserPost c
		where c.userId = #{userId} and c.postId = b.postId and b.privId=a.privId
		order by a.sort
	</select>
	
     <select id="getAllRole" resultType="com.dinner.common.entity.DcRole">
         select * from Mgr_Post
     </select>
     <select id="getAllRoleByUserId" resultType="com.dinner.common.entity.DcRole" parameterType="int" >
         select * from Mgr_Post where userTop=#{userId}
     </select>
     
     <select id="selectRole" resultType="java.lang.Integer" parameterType="java.lang.Integer">
         select postId from Mgr_UserPost where userId =#{userId}
     </select>
</mapper>