<?xml version="1.0" encoding="UTF-8"?>
<beans xmlns="http://www.springframework.org/schema/beans"
	xmlns:xsi="http://www.w3.org/2001/XMLSchema-instance" xmlns:p="http://www.springframework.org/schema/p"
	xmlns:context="http://www.springframework.org/schema/context"
	xmlns:aop="http://www.springframework.org/schema/aop" xmlns:tx="http://www.springframework.org/schema/tx"
	xmlns:mvc="http://www.springframework.org/schema/mvc" xmlns:task="http://www.springframework.org/schema/task"
	xsi:schemaLocation="http://www.springframework.org/schema/beans http://www.springframework.org/schema/beans/spring-beans-3.0.xsd
      http://www.springframework.org/schema/context http://www.springframework.org/schema/context/spring-context-3.0.xsd
      http://www.springframework.org/schema/tx http://www.springframework.org/schema/tx/spring-tx-3.0.xsd
      http://www.springframework.org/schema/aop http://www.springframework.org/schema/aop/spring-aop-3.0.xsd
      http://www.springframework.org/schema/mvc http://www.springframework.org/schema/mvc/spring-mvc-3.0.xsd
      http://www.springframework.org/schema/task http://www.springframework.org/schema/task/spring-task-3.0.xsd">

	<context:annotation-config />

	<!-- 自动扫描注解 -->
	<context:component-scan base-package="com.dinner.mgr.controller,com.dinner.mgr.intercept" />
	<!-- 使用注解进行AOP代理 -->
	<aop:aspectj-autoproxy />

	<mvc:annotation-driven />

	<bean
		class="org.springframework.web.servlet.mvc.method.annotation.RequestMappingHandlerMapping" />

	<!-- 在Spring配置总添加对JSR-303验证框架的支持 -->
	<bean id="validator"
		class="org.springframework.validation.beanvalidation.LocalValidatorFactoryBean">
		<property name="providerClass" value="org.hibernate.validator.HibernateValidator" />
		<!-- 如果不加默认到 使用classpath下的 ValidationMessages.properties -->
		<!-- <property name="validationMessageSource" ref="messageSource" /> -->
	</bean>

	<bean id="conversionService"
		class="org.springframework.format.support.FormattingConversionServiceFactoryBean" />

	<bean
		class="org.springframework.web.servlet.mvc.annotation.AnnotationMethodHandlerAdapter">
		<property name="webBindingInitializer">
			<bean
				class="org.springframework.web.bind.support.ConfigurableWebBindingInitializer">
				<property name="validator" ref="validator" />
				<property name="conversionService" ref="conversionService" />
			</bean>
		</property>
		<property name="messageConverters">
			<list>
				<bean
					class="org.springframework.http.converter.ByteArrayHttpMessageConverter" />
				<bean
					class="org.springframework.http.converter.ResourceHttpMessageConverter" />
				<bean
					class="org.springframework.http.converter.xml.SourceHttpMessageConverter" />
				<bean
					class="org.springframework.http.converter.xml.XmlAwareFormHttpMessageConverter" />
				<bean
					class="org.springframework.http.converter.json.MappingJacksonHttpMessageConverter" />
				<bean
					class="org.springframework.http.converter.StringHttpMessageConverter">
					<property name="supportedMediaTypes">
						<list>
							<value>text/html;charset=UTF-8</value>
							<value>text/plain;charset=UTF-8</value>
							<value>application/json;charset=UTF-8</value>
						</list>
					</property>
				</bean>
			</list>
		</property>
	</bean>

	<bean
		class="org.springframework.web.servlet.view.ContentNegotiatingViewResolver">
		<property name="order" value="3" />
		<property name="mediaTypes">
			<map>
				<entry key="json" value="application/json" />
				<entry key="xml" value="application/xml" />
			</map>
		</property>
		<property name="viewResolvers">
			<list>
				<bean class="org.springframework.web.servlet.view.BeanNameViewResolver" />
			</list>
		</property>
		<property name="defaultViews">
			<list>
				<bean
					class="org.springframework.web.servlet.view.json.MappingJacksonJsonView" />
			</list>
		</property>
	</bean>

	<!-- 视图解析器策略 和 视图解析器 -->
	<bean id="velocityConfigurer"
		class="org.springframework.web.servlet.view.velocity.VelocityConfigurer">
		<property name="resourceLoaderPath" value="/WEB-INF/mgr" />
		<property name="configLocation" value="/WEB-INF/classes/velocity.properties" />
	</bean>

	<bean id="viewResolver"
		class="org.springframework.web.servlet.view.velocity.VelocityLayoutViewResolver">
		<property name="viewClass"
			value="org.springframework.web.servlet.view.velocity.VelocityLayoutView">
		</property>
		<property name="cache" value="false" />
		<property name="suffix" value=".vm" />
		<property name="contentType" value="text/html; charset=UTF-8" />
		<property name="exposeRequestAttributes" value="true" />
		<property name="exposeSessionAttributes" value="true" />
		<property name="toolboxConfigLocation" value="/WEB-INF/classes/toolbox.xml" />
		<property name="layoutUrl" value="/layout/default.vm"></property>
		<property name="layoutKey" value="layout"></property>
		<property name="screenContentKey" value="screen_content"></property>
	</bean>
	<bean id="handlerMapping"
		class="org.springframework.web.servlet.handler.BeanNameUrlHandlerMapping">
		<property name="order" value="4" />
	</bean>

	<bean id="multipartResolver"
		class="org.springframework.web.multipart.commons.CommonsMultipartResolver"
		p:defaultEncoding="UTF-8" />
	<!-- <mvc:resources location="/res/" mapping="/res/**" order="1" /> -->
</beans>